{
    "model": "/home/niu/Documents/models/cylinder-model.ply",
    "pick_points": [
        {
            "id": 0,
            "transfromation": [    0.215728, 0.000795666,     0.976453, -14.5553,
                                0.000313884,    0.999999, -0.000884860,  10.8535,
                                  -0.976453, 0.000497263,     0.215728, -3.33434,
                                          0,           0,            0,        1 ],
            "priority": 1,
            "axial_symmetry": {
                "enabled": true,
                "axis": [
                    0,
                    1,
                    0
                ],
                "point_on_axis": [
                    0,
                    0,
                    0
                ],
                "angle_discrete_num": 20
            }
        }, 
        {
            "id": 1,
            "transfromation": [    0.215728, 0.000795666,    0.976453, -10.9502, 
                                0.000313884,    0.999999, -0.00088486, -14.0215, 
                                  -0.976453, 0.000497263,    0.215728, -2.54588, 
                                          0,           0,           0,       1],
            "priority": 2,
            "axial_symmetry": {
                "enabled": true,
                "axis": [
                    0,
                    1,
                    0
                ],
                "point_on_axis": [
                    0,
                    0,
                    0
                ],
                "angle_discrete_num": 20
            }
        },
        {
            "id": 2,
            "transfromation": [    -0.215728, -0.000795666,     0.976453, -14.5553,
                                -0.000313884,    -0.999999, -0.000884860,  10.8535,
                                    0.976453, -0.000497263,     0.215728, -3.33434,
                                           0,           0,            0,        1 ],
            "priority": 1,
            "axial_symmetry": {
                "enabled": true,
                "axis": [
                    0,
                    1,
                    0
                ],
                "point_on_axis": [
                    0,
                    0,
                    0
                ],
                "angle_discrete_num": 20
            }
        }, 
        {
            "id": 3,
            "transfromation": [    -0.215728, -0.000795666,    0.976453, -10.9502, 
                                -0.000313884,    -0.999999, -0.00088486, -14.0215, 
                                    0.976453, -0.000497263,    0.215728, -2.54588, 
                                           0,            0,           0,       1],
            "priority": 2,
            "axial_symmetry": {
                "enabled": true,
                "axis": [
                    0,
                    1,
                    0
                ],
                "point_on_axis": [
                    0,
                    0,
                    0
                ],
                "angle_discrete_num": 20
            }
        },
        {
            "id": 4,
            "transfromation": [  7.95666e-04, -2.15728e-01,  9.76453e-01, -14.5553,
                                 9.99999e-01, -3.13884e-04, -8.84860e-04,  10.8535,
                                 4.97263e-04,  9.76453e-01,  2.15728e-01, -3.33434,
                                           0,            0,            0,        1],
            "priority": 1,
            "axial_symmetry": {
                "enabled": true,
                "axis": [
                    0,
                    1,
                    0
                ],
                "point_on_axis": [
                    0,
                    0,
                    0
                ],
                "angle_discrete_num": 20
            }
        }, 
        {
            "id": 5,
            "transfromation": [ -7.95666e-04,  2.15728e-01,  9.76453e-01, -14.5553,
                                -9.99999e-01,  3.13884e-04, -8.84860e-04,  10.8535,
                                -4.97263e-04, -9.76453e-01,  2.15728e-01, -3.33434,
                                           0,            0,            0,        1],
            "priority": 1,
            "axial_symmetry": {
                "enabled": true,
                "axis": [
                    0,
                    1,
                    0
                ],
                "point_on_axis": [
                    0,
                    0,
                    0
                ],
                "angle_discrete_num": 20
            }
        },
        {
            "id": 6,
            "transfromation": [  7.95666e-04, -2.15728e-01,  9.76453e-01, -10.9502,
                                 9.99999e-01, -3.13884e-04, -8.84860e-04, -14.0215,
                                 4.97263e-04,  9.76453e-01,  2.15728e-01, -2.54588,
                                           0,            0,            0,        1],
            "priority": 2,
            "axial_symmetry": {
                "enabled": true,
                "axis": [
                    0,
                    1,
                    0
                ],
                "point_on_axis": [
                    0,
                    0,
                    0
                ],
                "angle_discrete_num": 20
            }
        }, 
        {
            "id": 7,
            "transfromation": [ -7.95666e-04,  2.15728e-01,  9.76453e-01, -10.9502,
                                -9.99999e-01,  3.13884e-04, -8.84860e-04, -14.0215,
                                -4.97263e-04, -9.76453e-01,  2.15728e-01, -2.54588,
                                           0,            0,            0,        1],
            "priority": 2,
            "axial_symmetry": {
                "enabled": true,
                "axis": [
                    0,
                    1,
                    0
                ],
                "point_on_axis": [
                    0,
                    0,
                    0
                ],
                "angle_discrete_num": 20
            }
        }
    ]
}